date,dish_name,restaurant_name,price,meal_type,description,image
2026-04-01 (Wednesday),Nasi Kandar,HTC,RM ~~10.50~~ 10.00,(Lunch),"Scrammed class to come here after QR, as lasting until 2 is a little... edging me.

- Chicken: fresh enough
- Rice: 2.5 scoops or something like that
- Vege: 1 push or something like that
- Curry: 3 scoops of the bone based one

...10.50? 10? Just for that? Guy who took less rice, no vege, with an egg, costs cheaper than mine.

""fuck htc"" - Herrscher @ 30/03/2026 10:29. But then again, central campus location. Unless I go further.<br><ul><li>Chicken: fresh enough</li><li>Rice: 2.5 scoops or something like that</li><li>Vege: 1 push or something like that</li><li>Curry: 3 scoops of the bone based one</li></ul>","images/2026/April/2026, April, image 1.png"
2026-04-06 (Monday),Nasi Campur,Cita Rasa Delima,RM 9.00,(Lunch),"Right, so gymming while hungry wasn't the best idea, but eating too early is also a semi bad idea.

7-11 has some deals for 7.90, but they seem a little small. Also I have no idea which button to press.

- Ayam Masak Merah: +1 scoop of sauce
- Vege: 3 attempted scoops due to it being stick together; free root
- Rice: 1.5 scoops, not enough (1 scoop is quite big)

Wonder if I should try the shawarma again soon, then time it &amp; see how fast it takes for it to cook.

For wednesday purposes, unless I scram class to eat again.<br><ul><li>Ayam Masak Merah: +1 scoop of sauce</li><li>Vege: 3 attempted scoops due to it being stick together; free root</li><li>Rice: 1.5 scoops, not enough (1 scoop is quite big)</li></ul>","images/2026/April/2026, April, image 2.png"
2026-04-06 (Monday),Braised Beef Potato Noodles,Salam Noodles,RM 11.55,(Dinner),"Class ended earlier by like 40 minutes, I guess I can go to you, especially after double gym.

Parking was nice as there was a spot for me when I drove in, though going into the area is a different story (traffic light when).
They took 20 minutes to serve, to my table somehow. Buzzer didn't buzz.

- Hot chinese tea, then Hot Lemon tea. 1 cup each.
- Sauce is saucing.
- Bowl of soup. Tried to scoop the ones on top so it isn't that ""dense"".
- Added noodles around 12 minutes in.
- Left in around an hour.
- Cleaned the plate.

It would be best to try Getok Mantul as one of the ""mini buffets"", secured their QR in preparation.<br><ul><li>Hot chinese tea, then Hot Lemon tea. 1 cup each.</li><li>Sauce is saucing.</li><li>Bowl of soup. Tried to scoop the ones on top so it isn't that ""dense"".</li><li>Added noodles around 12 minutes in.</li><li>Left in around an hour.</li><li>Cleaned the plate.</li></ul>","images/2026/April/2026, April, image 3.png"
2026-04-07 (Tuesday),PwC Event,MDA Catering,Free,(Lunch),"Walked 6000 steps under blazing sun, not fun. Detour for free food? Sure.

Despite food was there at 12, we only can eat at like 1:30pm.

- Not fried rice (I think), not nasi lemak rice, coloured rice? Not briyani.
- Pickled vegetables (Cucumber, onion, carrot)
- Chicken wing, masak merah
- Some sweet stuff (ran out after 2nd refill)

All in all, never walk again. Just take the bus even if its paid.

Or, just walk in Lakefront. Not under the scorching sun.<br><ul><li>Not fried rice (I think), not nasi lemak rice, coloured rice? Not briyani.</li><li>Pickled vegetables (Cucumber, onion, carrot)</li><li>Chicken wing, masak merah</li><li>Some sweet stuff (ran out after 2nd refill)</li></ul>","images/2026/April/2026, April, image 4.png"
2026-04-07 (Tuesday),Nasi Goreng Biasa,Sky Malaysia,RM 7.00,(Dinner),"No idea where my bois went, unsure if they were in AS, so avoided it.

- Cabbage that vege, fried shallots, green onions, carrot slices
- ...wait there's no cucumber.
- There's some garlic in it now, compared to my 18 Nov 2025 taste test.

As I checked the app, turns out Odin came as well... to fetch them out I presume.

Oh well, I'll keep that in note.<br><ul><li>Cabbage that vege, fried shallots, green onions, carrot slices</li><li>...wait there's no cucumber.</li><li>There's some garlic in it now, compared to my 18 Nov 2025 taste test.</li></ul>","images/2026/April/2026, April, image 5.png"
2026-04-08 (Wednesday),Nasi Kandar,HTC,RM 9.50,(Lunch),"Class ended slightly earlier, decided to gamble.

Asked for price breakdown as well as it was slightly cheaper today.

- Chicken: Fresh breast part, RM 5
- Vege: 1 pushful or something, RM 1.5
- Rice: 2 scoops, RM 3
- Curry

Around 22 minutes to finish. Still came in before the lecturer.

Maybe I could gamble takeaway shawarma if this timeframe happens again.<br><ul><li>Chicken: Fresh breast part, RM 5</li><li>Vege: 1 pushful or something, RM 1.5</li><li>Rice: 2 scoops, RM 3</li><li>Curry</li></ul>","images/2026/April/2026, April, image 6.png"
2026-04-08 (Wednesday),Roti Kahwin,AS Nasi Kandar,RM ~~4.50~~ 4.00,(Dinner),"Bois with another went to Sky, so I went the back alley.

They changed layouts, and Uncle is no where to be seen.

Asked for sambal, nada. Asked for additional dhal &amp; curry as I was about to finish, they filled it.

4.5? Went down to 4 as I only prepared 4. Asked the reason of why 4.5 despite the menu clearly being 1.5 + 2.5.

""Maybe there's planta in there?""..huh? Woman you make no sense, but if that's the case I'll order them separately.","images/2026/April/2026, April, image 7.png"
2026-04-09 (Thursday),Nasi Ayam Penyet,Sky Malaysia,RM 9.00,(Lunch),"Slight ""reward"" for survivng the week thus far. Skipping AS as I had HTC yesterday noon.

- 6 half cucumber slices for a total of 3 heart shaped cucumber slices
- Asked where soup, he said ""later"". Hence why not in pics
- Soup came later, in bungkus form, said kitchen mistaken. Asked for a bowl.
- Gave me a comically large bowl (instead of the usual mini soup bowl)
- Soup tastes slightly different than usual, or have I not had soup for so long?

Their pricing is weird. At times 9, at times 10. At times soup, at times no soup.

At times plenty of vege, at times a single type of vege.<br><ul><li>6 half cucumber slices for a total of 3 heart shaped cucumber slices</li><li>Asked where soup, he said ""later"". Hence why not in pics</li><li>Soup came later, in bungkus form, said kitchen mistaken. Asked for a bowl.</li><li>Gave me a comically large bowl (instead of the usual mini soup bowl)</li><li>Soup tastes slightly different than usual, or have I not had soup for so long?</li></ul>","images/2026/April/2026, April, image 8.png"
2026-04-09 (Thursday),Bakso,Dapur Chilli,RM 10.00,(Dinner),"Bakso is served. Though I am treated kinda invisible, with the customer behind me getting served first.

Downsides of being kinda transparent with low presense.

- Kuey Teow. It kinda sticks with each other, making it hard to eat, especially when it's hot.
- No chicken skin, unsure why it's there
- 4 beef balls
- Vegetables
- Some beansprouts
- Green onions &amp; fried shallots
- There's some sort of sambal. Didn't try much as it isn't my taste.
- Quarter of a lime. Bought it back to make lime water.

Almost finished the soup, then played around to see if any remains rise up.<br><ul><li>Kuey Teow. It kinda sticks with each other, making it hard to eat, especially when it's hot.</li><li>No chicken skin, unsure why it's there</li><li>4 beef balls</li><li>Vegetables</li><li>Some beansprouts</li><li>Green onions &amp; fried shallots</li><li>There's some sort of sambal. Didn't try much as it isn't my taste.</li><li>Quarter of a lime. Bought it back to make lime water.</li></ul>","images/2026/April/2026, April, image 9.png"
2026-04-13 (Monday),Set Buttermilk Chicken,Mira Kitchen,RM 9.00,(Lunch),"No idea what to eat, time to try something new.

Their QR is displayed as Mira Kitchen, not Amzira Shak Enterprise now (changed the previous 2 entries).

- 3 chicken tenders, room temperature maybe
- Rice isn't much. I can easily finish with 1.5 - 2 tenders, or 1 if I try hard enough.
- Sauce is ok, but it's easily finished within 2 tenders.
- 1 lettuce leaf, 2 slices of cucumbers
- The drink is the usual Teh o Ais.

I think it'd be more worth it if I ordered Set Nasi Ayam tambah nasi, if that exists.

Or otherwise, either Delima, or Starbee Tandoori for more rice, sauces, and vege.<br><ul><li>3 chicken tenders, room temperature maybe</li><li>Rice isn't much. I can easily finish with 1.5 - 2 tenders, or 1 if I try hard enough.</li><li>Sauce is ok, but it's easily finished within 2 tenders.</li><li>1 lettuce leaf, 2 slices of cucumbers</li><li>The drink is the usual Teh o Ais.</li></ul>","images/2026/April/2026, April, image 10.png"
2026-04-13 (Monday),Ala Carte Set A,Ayam Gepuk Pak Gembus Glomac,RM 12.00,(Dinner),"Class -&gt; Corpo Strat business that extended beyond 3pm (thanks Malaysian timing) -&gt; An FYP meet that extended to 4pm (thankfully class online).

Weather that edges when my class ends (its windy asf). Managed to zoom out before rain started.

- Crispy chicken, quite ok (better than my home turf).
- Original Sambal: it can throw hands. Nuff said.
- Some cabbage ""pieces"", 5-6 half slices of cucumber.
- Quality do be there vs home.
- Kicap is sweet ish. 1 squeezeful.
- Rice is fine, added once. Sambal added once with kacang, as somehow they don't let me add just kacang.

Full asf. To the point of food wanting to remove itself from me.<br><ul><li>Crispy chicken, quite ok (better than my home turf).</li><li>Original Sambal: it can throw hands. Nuff said.</li><li>Some cabbage ""pieces"", 5-6 half slices of cucumber.</li><li>Quality do be there vs home.</li><li>Kicap is sweet ish. 1 squeezeful.</li><li>Rice is fine, added once. Sambal added once with kacang, as somehow they don't let me add just kacang.</li></ul>","images/2026/April/2026, April, image 11.png"
2026-04-14 (Tuesday),Nasi Kandar,AS Nasi Kandar,RM 7.50,(Lunch),"Gemini suggested I eat something less spicy after telling it I kinda shat myself from yesterdays Gepuk.

This was selected over a 9+ nasi campur meal, so be it.

- Unsure of chicken part, room temperature.
- Cabbage (only other option are beans)
- Rice with chicken &amp; beef curry, no goat (still fine)
- Limau ais, &amp; taking back the 2 2/3 limes for use later.<br><ul><li>Unsure of chicken part, room temperature.</li><li>Cabbage (only other option are beans)</li><li>Rice with chicken &amp; beef curry, no goat (still fine)</li><li>Limau ais, &amp; taking back the 2 2/3 limes for use later.</li></ul>","images/2026/April/2026, April, image 12.png"
2026-04-14 (Tuesday),Nasi Goreng Biasa,AS Nasi Kandar,RM 6.00,(Dinner),"The bois are cooking various meals (from rice based to noodle based). Doesn't matter to me as I don't have instant noodles anymore.

I return to AS for the day, as they are priced competitively.

- First bite weirdly was slightly wet, damp. It turned out well in the end anyways.
- Greens, fried onions, cabbage, carrots, vege
- Chicken
- 2 cucumber slices

To answer what I said on 13 Jan 2026: ""Not worth unless free food. Worth if you're already out to begin with.""<br><ul><li>First bite weirdly was slightly wet, damp. It turned out well in the end anyways.</li><li>Greens, fried onions, cabbage, carrots, vege</li><li>Chicken</li><li>2 cucumber slices</li></ul>","images/2026/April/2026, April, image 13.png"
2026-04-15 (Wednesday),Nasi Campur,Dapo Sahang,RM 6.50,(Lunch),"Class ended slightly earlier, but not too early, and next class has became blended.

Dapo time as a gamble, it took around 6? minutes from CNMX to Dapo.

- Rice: somewhere 2-3 scoops, 2nd bucket as they ran out of 1st bucket rice
- Chicken: scared of 1 isn't enough, took another mini one (&amp; committed ninja)
- Cabbage: I think 1 or 2 scoops or something
- Additional spicy stuff: from fish

Should've taken more rice, but it's kinda cake.<br><ul><li>Rice: somewhere 2-3 scoops, 2nd bucket as they ran out of 1st bucket rice</li><li>Chicken: scared of 1 isn't enough, took another mini one (&amp; committed ninja)</li><li>Cabbage: I think 1 or 2 scoops or something</li><li>Additional spicy stuff: from fish</li></ul>","images/2026/April/2026, April, image 14.png"
2026-04-20 (Monday),Nasi Campur,Royal Tandoori,RM 9.00,(Lunch),"Delima hasn't started serving vege, and am unsure if I wanna gamble Asam from Mira Kitchen.

- 1.7 scoops of rice. Was gonna take 2, but backed off a little.
- Vege is 1.3 scoops. 1 regular, then a little more.
- 1 scoop from 2 curries. 1 minced meat based, the other forgot.
- Chicken is juicy, and then it became oily.

Seems like my last Starbee Tandoori venture was 4 Dec 2025. 137 days.

A tabby cat decided to invade me, I stare at it while feeding scrapes. It seems like a head flick from a cleaner can shoo it.<br><ul><li>1.7 scoops of rice. Was gonna take 2, but backed off a little.</li><li>Vege is 1.3 scoops. 1 regular, then a little more.</li><li>1 scoop from 2 curries. 1 minced meat based, the other forgot.</li><li>Chicken is juicy, and then it became oily.</li></ul>","images/2026/April/2026, April, image 15.png"
2026-04-20 (Monday),Kam Heong Pork With Rice,Ri Yue Ming,RM 11.00,(Dinner),"As I finished parking on the far end and walked to the restaurant, there's now spots near the restaurant.

Exacting revenge on it, by writing ""less spicy"" on the remarks.

- Sauce: ok, spicy
- Pork: overall fine, plentiful enough for me to finish my rice before it
- Contains chili slices, onions. Forgot to mention curry leaves.
- It doesn't burn as bad now. 2 cups of water I think, with less ""thick water is everywhere""

I guess this is acceptable spice range. I could try writing no chili next.<br><ul><li>Sauce: ok, spicy</li><li>Pork: overall fine, plentiful enough for me to finish my rice before it</li><li>Contains chili slices, onions. Forgot to mention curry leaves.</li><li>It doesn't burn as bad now. 2 cups of water I think, with less ""thick water is everywhere""</li></ul>","images/2026/April/2026, April, image 16.png"
2026-04-21 (Tuesday),Nasi Campur,Dapur Chilli,RM 8.50,(Lunch),"Somehow I didn't eat here since 5 Jan 2026, or 11 Nov 2025 if their nasi campur.

Calculator showed 4 + 2 + 2.5. Wonder which is which.

- Ayam kunyit: 2.5 scoops, cold/room temp.
- Kangkung: 2 scoops, avoid anchovies if possible.
- Nasi lemak rice: scooped anything that isn't hard or burnt. Not recommended, better to go with plain rice.
- Spicy thing: I forgot where I gotten it, but cold. Also a nada.

Sky has better heating, as here is merely ""just put it on the table"". But Sky costs more (usually)...<br><ul><li>Ayam kunyit: 2.5 scoops, cold/room temp.</li><li>Kangkung: 2 scoops, avoid anchovies if possible.</li><li>Nasi lemak rice: scooped anything that isn't hard or burnt. Not recommended, better to go with plain rice.</li><li>Spicy thing: I forgot where I gotten it, but cold. Also a nada.</li></ul>","images/2026/April/2026, April, image 17.png"
2026-04-21 (Tuesday),Nasi Goreng Ayam Kunyit,Ummifa,RM 10.00,(Dinner),"I'd like to try their NGAK, which is somehow the same price as Set Nasi Putih AK.

Which is weird, but maybe there's something in the set.

- Fried rice: pea, corn, egg, garlic, carrot
- Chicken: has bones. BONES. onion, carrot, long bean, cauliflower
- The fried rice is very Chinese tasting (good)
- Did I mentioned BONES in my KUNYIT when NO OTHER SHOP DID THIS?

I think they hate me. Every meal they make makes me 2nd think my life choices.

But there's always something that makes it feel less ass. But it's still ass in the end.<br><ul><li>Fried rice: pea, corn, egg, garlic, carrot</li><li>Chicken: has bones. BONES. onion, carrot, long bean, cauliflower</li><li>The fried rice is very Chinese tasting (good)</li><li>Did I mentioned BONES in my KUNYIT when NO OTHER SHOP DID THIS?</li></ul>","images/2026/April/2026, April, image 18.png"
2026-04-22 (Wednesday),Chicken Shawarma Large,Chef Yas,RM 10.00,(Lunch),"Last had you 9 Jun 2023. 1048 days. Wow. Also they serve other things like pizza as well, no more beef somehow.

- Peak hours make them take a little longer than I expected, like 10 minutes cook time.
- They have a receipt system, which is nice to track orders.
- Fresh frois, cabbage, onion?, mayo
- It's fine, but hard to eat in a fully wrapped form. Like I'd question my choices slightly.

It would be best to dine in instead. Or get something else &amp; takeaway for ease of eating.

It's not really filling, hoping it can last until dinner.<br><ul><li>Peak hours make them take a little longer than I expected, like 10 minutes cook time.</li><li>They have a receipt system, which is nice to track orders.</li><li>Fresh frois, cabbage, onion?, mayo</li><li>It's fine, but hard to eat in a fully wrapped form. Like I'd question my choices slightly.</li></ul>","images/2026/April/2026, April, image 19.png"
2026-04-22 (Wednesday),Nasi Goreng Kampung,Cita Rasa Delima,RM 7.00,(Dinner),"Committee stuff require me to reach by 6:30pm, so had to forgo plans of Dapo, and came here.

A little confusion happened, but it seems there's beef option? Don't know, would need to inquire further later.

- Anchovies are crispy, that's a plus vs Dapo at times
- Kangkung, Cabbage, Onion, Chicken, a 3rd type of vege
- Decent spice, has some bits of red &amp; green chili here &amp; there
- Slight downside is the use of plastics, but I guess it is fine since there isn't anything hard

Good meal, can recommend. Hopes to GDC Welcoming Party to fill me up.<br><ul><li>Anchovies are crispy, that's a plus vs Dapo at times</li><li>Kangkung, Cabbage, Onion, Chicken, a 3rd type of vege</li><li>Decent spice, has some bits of red &amp; green chili here &amp; there</li><li>Slight downside is the use of plastics, but I guess it is fine since there isn't anything hard</li></ul>","images/2026/April/2026, April, image 20.png"
2026-04-22 (Wednesday),Various Sandwiches,Ai-Sandwich,Free,(Supper?),"Apparently GDC nuggies became sandwiches. Man. But gotta make do with what I have.

- 2 Chicken Slice Cheese: Lettuce, tomato, cheese, mayo, chicken ham. Good.
- 1 Egg Mayo: Lettuce, tomato, mashed egg, mayo. I prefer the top one.
- 0 Tuna Spicy: didn't have any, as I'm not too big of a tuna fan to begin with (I think)
- 1 Ribena &amp; 1 chrysanthemum tea (drinho) consumed

All in all, thankful I had my dinner prior. But even then the sandwich kcal seemed to not do too much?

They seemed to have it all under control, so I took my leave at 9ish.

<small>Did liquid went into my laptop? What kind of liquid is this?</small><br><ul><li>2 Chicken Slice Cheese: Lettuce, tomato, cheese, mayo, chicken ham. Good.</li><li>1 Egg Mayo: Lettuce, tomato, mashed egg, mayo. I prefer the top one.</li><li>0 Tuna Spicy: didn't have any, as I'm not too big of a tuna fan to begin with (I think)</li><li>1 Ribena &amp; 1 chrysanthemum tea (drinho) consumed</li></ul>","images/2026/April/2026, April, image 21.png"
2026-04-23 (Thursday),Fish Ball Noodles,Jin Man Cyberjaya,RM 12.90,(Lunch),"It exists in Cheras as one of my childhood (and current) foods, and it is ok from what I remember (most of the time).

I decided to try the Cyberjaya branch which has been opened for... a year? Mixed Rice has koyogang as I see his car there, so it'd be best not to go there.

It took around 10 minutes to serve, which is ok for a noodle dish. The place is quite empty as well (compared to Cheras), so I guess it's not that popular here?

- Dry, Wanton Mee Thin (idk what is Thick), Add Noodles
- Normal: 10.90
- Upsized: +2.00
- Smells like Cheras, tastes like Cheras. It gets a pass.

Maybe it's because of the pricing, as what I remember is that the one in Cheras is around 10-11, but here is 12.90. Or maybe it's because of the location.

But I'd say its best to eat something else for cheaper, unless one craves for the Cheras taste.<br><ul><li>Dry, Wanton Mee Thin (idk what is Thick), Add Noodles</li><li>Normal: 10.90</li><li>Upsized: +2.00</li><li>Smells like Cheras, tastes like Cheras. It gets a pass.</li></ul>","images/2026/April/2026, April, image 22.png"
2026-04-27 (Monday),Nasi Campur,Cita Rasa Delima,RM 9.00,(Lunch),"Gym when hungry = bad, but I still pushed through. Asked for price breakdown as well.

- Chicken: 5, added a half? scoop of sauce as well
- Rice 2 scoops: 2. I still finished the rice before chicken.
- Vege 1 scoop: 2, anchovies, and another free root piece
- Curry from curry chicken, taste is covered entirely by Masak Merah. Classic.<br><ul><li>Chicken: 5, added a half? scoop of sauce as well</li><li>Rice 2 scoops: 2. I still finished the rice before chicken.</li><li>Vege 1 scoop: 2, anchovies, and another free root piece</li><li>Curry from curry chicken, taste is covered entirely by Masak Merah. Classic.</li></ul>","images/2026/April/2026, April, image 23.png"
2026-04-27 (Monday),Nasi Goreng Biasa,Dapo Sahang,RM 5.00,(Dinner),"A plan to keep my average day spendings under 14, part 1. (Otherwise I would've off campus food).

There's some stalls near HB3, that's there till Wednesday. Nothing price worthy. Dapo time.

- 18:02 order, 18:09 serve.
- It's... very biasa. It's to the point of being ass.
- It's like it's just flavoured rice.
- Rice, vege, chicken, chili bits. Not even any sign of egg.
- Like I'd rather pay more for better taste.

Conclusion, don't order unless absolute broke. Best to get something else.<br><ul><li>18:02 order, 18:09 serve.</li><li>It's... very biasa. It's to the point of being ass.</li><li>It's like it's just flavoured rice.</li><li>Rice, vege, chicken, chili bits. Not even any sign of egg.</li><li>Like I'd rather pay more for better taste.</li></ul>","images/2026/April/2026, April, image 24.png"
2026-04-28 (Tuesday),Nasi Kandar,AS Nasi Kandar,RM 7.50,(Lunch),"A plan to keep my average day spendings under 14, part 2.

- I assume this chicken part is either back or breast, a lil above room temperature for some spots.
- Cabbage (only other option are long beans)
- Rice with goat curry (I bit into 1 of the respective ""4 sekawan."" FAH.)
- Limau ais. One of the limes rolled out of my cup as I left the restaurant (I forgot I had limes in my cup)

I wonder where is uncle. I wonder if they'd eat at Sky or no. If Sky, I better go down faster than them.<br><ul><li>I assume this chicken part is either back or breast, a lil above room temperature for some spots.</li><li>Cabbage (only other option are long beans)</li><li>Rice with goat curry (I bit into 1 of the respective ""4 sekawan."" FAH.)</li><li>Limau ais. One of the limes rolled out of my cup as I left the restaurant (I forgot I had limes in my cup)</li></ul>","images/2026/April/2026, April, image 25.png"
2026-04-28 (Tuesday),Roti Kahwin,AS Nasi Kandar,RM 4.00,(Dinner),"A plan to keep my average day spendings under 14, part 3.

I went at a lil before 6pm. Overheard Sky has no roti making until like 6:30pm via conversation with another customer.
Sky waiters proceed to ignore me thereafter, so I left &amp; went for AS 8 minutes later.

Koyoboi has cooked his own food, somehow the remaining 2 bois came down to AS as well, separate table.

I've been waiting my roti for 15+ minutes. This is a little awkward. Their gorengs came, and they are eating.

It eventually came at like 6:25pm. And they left soon after.

Well, at least it's officially 4. Maybe they had some big ahh order hogging the roti making station.","images/2026/April/2026, April, image 26.png"
2026-04-29 (Wednesday),Nasi Goreng Biasa,HTC,RM 4.50,(Lunch),"A plan to keep my average day spendings under 14, part 4.

Previous class extended to the point of reaching over 12pm. Dropped bags then scramed for food.

- Suprisingly, tastes better than Dapos variant
- Carrot, egg, vege, garlic?, onion?, half a green-ish red-ish chili or something
- No meat though, but 50sen trade off I guess is ok.
- I'd say around 5+ minutes-ish cook time. But confirm under 10.<br><ul><li>Suprisingly, tastes better than Dapos variant</li><li>Carrot, egg, vege, garlic?, onion?, half a green-ish red-ish chili or something</li><li>No meat though, but 50sen trade off I guess is ok.</li><li>I'd say around 5+ minutes-ish cook time. But confirm under 10.</li></ul>","images/2026/April/2026, April, image 27.png"
2026-04-29 (Wednesday),Maggi Goreng Biasa,Dapo Sahang,RM 5.00,(Dinner),"A plan to keep my average day spendings under 14, part 5.

I <i>was</i> going to eat at AS, but remembering the kitchen faucet is broken... yea.

Might as well I get some water from HB2.

- At least 6 or 7 minutes, likely as they need to boil the noodles
- It's a little al dente, as in not soft like how I make my noodles
- Egg, Garlic, Vege, 1? red chili
- No meat found

It's worthier than their nasi goreng biasa in terms of taste.<br><ul><li>At least 6 or 7 minutes, likely as they need to boil the noodles</li><li>It's a little al dente, as in not soft like how I make my noodles</li><li>Egg, Garlic, Vege, 1? red chili</li><li>No meat found</li></ul>","images/2026/April/2026, April, image 28.png"
2026-04-30 (Thursday),Nasi Campur,Dapo Sahang,RM 6.50,(Lunch),"A plan to keep my average day spendings under 14, part 6 (final).

This is, the technical cheapest thing I could think of that can fill me decently. And usually consistent.

Basketball area has ample parking, which is nice. Somehow they started serving before 11:26am, which is earlier than expected.

- Chicken: I think this is the thigh part? Unsure, but feels like it.
- Yellow cabbage: 1.3 scoops or so
- Rice: I'd say 2 scoops, it's quite hard to dig through cake &amp; clumped rice
- Curry: from chicken. Has santan.
- I think it's best to skip the fish sambal.

So somehow I forgotten about my FYP2 briefing at 11am. I was too focused on food and just half paying attention to the meet itself while still eating.

For reference, my quiz ended somewhere at 11am. I could've just continued to bummed in class but nooo, brain too food coded.<br><ul><li>Chicken: I think this is the thigh part? Unsure, but feels like it.</li><li>Yellow cabbage: 1.3 scoops or so</li><li>Rice: I'd say 2 scoops, it's quite hard to dig through cake &amp; clumped rice</li><li>Curry: from chicken. Has santan.</li><li>I think it's best to skip the fish sambal.</li></ul>","images/2026/April/2026, April, image 29.png"
2026-05-04 (Monday),Nasi Campur,Royal Tandoori,RM 9.00,(Lunch),"Alternating between Delima &amp; Tandoori it seems. Though I guess I could get other foods if I confirm I'm eating more at dinner.

QR wise, it's called Ammaryam Starbees.

- 1 big scoop of rice, finished most of it before my vege finished.
- 1 scoop of vege, as if it knows it wants to be scooped. Contains onions &amp; red chili slices
- Presumed breast if not back part of the chicken. I wonder how tandoori one tastes like.
- Curry from chicken. Not much taste?

<small>I may or may not have 244.72 left for me food the entire month.</small><br><ul><li>1 big scoop of rice, finished most of it before my vege finished.</li><li>1 scoop of vege, as if it knows it wants to be scooped. Contains onions &amp; red chili slices</li><li>Presumed breast if not back part of the chicken. I wonder how tandoori one tastes like.</li><li>Curry from chicken. Not much taste?</li></ul>","images/2026/May/2026, May, image 1.png"
2026-05-04 (Monday),Nasi Goreng Kampung,Dapo Sahang,RM 6.50,(Dinner),"Due to... constraints, I decided to eat in for the time being, until I confirm I still have a slight surplus to use.

They told me to wait 15 minutes for kampung, and somehow they bought up various dishes, such as kuey teow, bujang, and some brown type nasi goreng.

All before my order. It ended up being 20ish minutes of wait time.

Food is somehow inconsistent now, be it taste or portion. I should pivot back to Delima, or try Izz more?

<small>Huh, Bujang tambah nasi is 50sen? Or is it 1? Why did they argue for 50sen discount?

Well eitherway, it contains rice, egg, spoonful of sambal, and a chili?
</small>","images/2026/May/2026, May, image 2.png"
2026-05-05 (Tuesday),Nasi Kandar,AS Nasi Kandar,RM 7.50,(Lunch),"Today seems chill for them as like 4 staff are outside. Gal staff let me self service after scooping a bowlful of rice.

Well, don't mind if I do.

- Rice: pre scooped, 1 bowlful
- Vege: 1 pushful, which could be approximated to 1-2 scoops. Could be more.
- Chicken: either back or front part, which is per usual not hot.
- Goat curry: 3 scoops, avoided anything that makes my mouth go boom. Better to take more maybe
- Limau ais: 3 limes to be let go today

Then again, if I eat more, I'd somewhat break the calorie deficit goal.<br><ul><li>Rice: pre scooped, 1 bowlful</li><li>Vege: 1 pushful, which could be approximated to 1-2 scoops. Could be more.</li><li>Chicken: either back or front part, which is per usual not hot.</li><li>Goat curry: 3 scoops, avoided anything that makes my mouth go boom. Better to take more maybe</li><li>Limau ais: 3 limes to be let go today</li></ul>","images/2026/May/2026, May, image 3.png"
2026-05-05 (Tuesday),Nasi Goreng Mamak,AS Nasi Kandar,RM 6.00,(Dinner),"Goes down for roti at 6, Sky isn't making. Goes back up.

Comes back down at 6:30, Sky isn't making. Fine. I'll AS again.

- Contains egg, vege, onion, weirdly chopped up cucumber, cabbage
- There's no meat in it
- There's a biasa &amp; ayam version from wat I hear.
- Tastes better than Dapo &amp; HTCs Biasa, but AS biasa is better I'd say?

Hm, an email saying Thurs class becomes Sat again... gamble going home?<br><ul><li>Contains egg, vege, onion, weirdly chopped up cucumber, cabbage</li><li>There's no meat in it</li><li>There's a biasa &amp; ayam version from wat I hear.</li><li>Tastes better than Dapo &amp; HTCs Biasa, but AS biasa is better I'd say?</li></ul>","images/2026/May/2026, May, image 4.png"
2026-05-06 (Wednesday),Nasi Goreng Kampung,HTC,RM 6.00,(Lunch),"There is some pre packed RM10 pasta stuff sold by students, but somehow brain decided to pivot back to HTC.

- It... took almost 20 minutes of standing and waiting.
- They churned out tons of maggi goreng in 1 go, akin to batch cooking (yes). Maybe that's the safer bet next time.
- I likely could've gotten the pasta and finished it by the time I received my food.
- Anchovies are kinda soft, and Dapo at their worst is I'd say on par with this.

The hardest choices require the strongest wills.<br><ul><li>It... took almost 20 minutes of standing and waiting.</li><li>They churned out tons of maggi goreng in 1 go, akin to batch cooking (yes). Maybe that's the safer bet next time.</li><li>I likely could've gotten the pasta and finished it by the time I received my food.</li><li>Anchovies are kinda soft, and Dapo at their worst is I'd say on par with this.</li></ul>","images/2026/May/2026, May, image 5.png"
2026-05-10 (Sunday),Roti Kahwin,Sky Malaysia,RM 4.00,(Dinner),"Returned to Cyber earlier as homemade dinner not being cooked.

Koyoboi was gonna cook, but then suddenly went out with the rest? (Checked parking lot to confirm)

Gemini told me to Kahwin instead of Maggi Goreng citing ""provides better protein, leaves more cash"".

Sky is suprisingly operating their roti corner, so might as well.

Had to press the button so they noticed me. 7 minutes to cook. Sauces could've been more generous, but it's fine.

Yet another shop that does not accept the purple.

<small>MMU Bus timings got shafted? Guess my Wednesdays became yet another car day.</small>","images/2026/May/2026, May, image 6.png"
2026-05-11 (Monday),Nasi Campur,Cita Rasa Delima,RM 9.00,(Lunch),"Org Behaviour Quiz done, it was doable in a KBAT-ish sense, though prior knowledge is needed of course.

Gym? I'll put it off for 2pm+, if I do commit to it.

- Ayam Masak Merah: I suck at recognising parts, just know it's not a drumstick or wing
- Vege: It looked like the only one without anchovy, 2 scoops
- Rice: 2 scoops
- Unlike other stalls theres weirdly no sort of curry for me. So I just took some extra onions from masak merah

<small>Hm, TIL the USB C on my laptop can be used to charge iPhones. Good to know I guess?</small><br><ul><li>Ayam Masak Merah: I suck at recognising parts, just know it's not a drumstick or wing</li><li>Vege: It looked like the only one without anchovy, 2 scoops</li><li>Rice: 2 scoops</li><li>Unlike other stalls theres weirdly no sort of curry for me. So I just took some extra onions from masak merah</li></ul>","images/2026/May/2026, May, image 7.png"
2026-05-11 (Monday),Nasi Goreng Biasa,AS Nasi Kandar,RM 6.00,(Dinner),"Fetched a friend/groupmate to near his apartment, so I wouldn't be able to eat on campus.

Bois seem to have cooked some sort of Japanese curry, which means not existing below.

They took around 7 minutes to cook, and I wonder what makes the price difference of Biasa &amp; Mamak to not include meat.

Speaking of mamak variant &amp; meat, adding chicken seems to cost an extra 4? At least for Mee Mamak.

<small>Will Thurs class be changed to Sat again? Staying tuned for the announcement.</small>","images/2026/May/2026, May, image 8.png"
2026-05-12 (Tuesday),Nasi Kandar,AS Nasi Kandar,RM 7.50,(Lunch),"Went to Sky, asked for Penyet: ""takda"". The chicken is right there though? Guess I'll return to AS.

- Thigh piece. It's above room temperature, also nice.
- Rice is regular serving
- Vege is 1 push or 2? I wonder if 2 tofu counts as +1, or it's a vege (A question I asked on 15 Dec 2025)
- 3 scoops of goat curry
- Limau ais returns with 2 limes

Likely they wouldn't accept the purple, so I gave them GX QR.<br><ul><li>Thigh piece. It's above room temperature, also nice.</li><li>Rice is regular serving</li><li>Vege is 1 push or 2? I wonder if 2 tofu counts as +1, or it's a vege (A question I asked on 15 Dec 2025)</li><li>3 scoops of goat curry</li><li>Limau ais returns with 2 limes</li></ul>","images/2026/May/2026, May, image 9.png"
2026-05-12 (Tuesday),Maggi Goreng Mamak,AS Nasi Kandar,RM 6.00,(Dinner),"I went down a tad bit earlier compared to normal to avoid the bois. It was too early so I had to stroll around for a bit.

- Onion, Cabbage, Vege, Egg
- I was thinking there'd be some sort of tofu as meat substitute, guess not.
- Per usual, no meat. Wait where's my cucumber..
- Does biasa have meat? Only one way to find out.

It tastes fine, better than the slightly hard Dapo, and likely better vs the literal egg + maggi HTC.

Once again, a notice saying Thurs class becomes Sat online. Announcement has been tuned.<br><ul><li>Onion, Cabbage, Vege, Egg</li><li>I was thinking there'd be some sort of tofu as meat substitute, guess not.</li><li>Per usual, no meat. Wait where's my cucumber..</li><li>Does biasa have meat? Only one way to find out.</li></ul>","images/2026/May/2026, May, image 10.png"
2026-05-13 (Wednesday),Nasi Kandar,HTC,RM 9.50,(Lunch),"Class ended a lil earlier, so gambled by queuing and eating here.

As long as one comes before 12+- queue is acceptable

- Rice: 2 scoops, with some bits of briyani (I can't taste anything) (First to be finished)
- Chicken: they came out as I was scooping rice. Thigh piece
- Curry: unsure of meat, but seems like bones. 2-3 scoops
- Vege: quite alot as quoted by him when I asked for the price (I finished it a little before chicken)
- Accepted my purple

Went in 11:40, Ate 11:46, Finished 12:04. I'll take 20 minutes of eating as an average.

Next weeks 10am class is replaced with the presentation. How should I plan lunch..<br><ul><li>Rice: 2 scoops, with some bits of briyani (I can't taste anything) (First to be finished)</li><li>Chicken: they came out as I was scooping rice. Thigh piece</li><li>Curry: unsure of meat, but seems like bones. 2-3 scoops</li><li>Vege: quite alot as quoted by him when I asked for the price (I finished it a little before chicken)</li><li>Accepted my purple</li></ul>","images/2026/May/2026, May, image 11.png"
2026-05-18 (Monday),Nasi Ayam Set,Mira Kitchen,RM 8.00,(Lunch),"I may have forgot to bring my cup. Didn't decide to route back as otherwise the 7:3Xam jam will kill.

Settled with a place that has drinks, for the cup as well in preparation for dinner.

Served within a few minutes. Such is life of instant food.

Now to hope I could scram for presentation during class, smooth sailing?","images/2026/May/2026, May, image 12.png"
2026-05-18 (Monday),Tok Mat Ala Carte A,Ayak Gepuk Tok Mat Cyberjaya,RM 13.65,(Dinner),"Trying for the first time, along with exploring a new area in general called Atelier.

There's decent parking, choices to park near shops, at KFC (chosen here), or McD.

- Rice: seems plentiful, is plentiful. I didn't get to add once, didn't finish like 1 more mouthful remaining.
- Chicken: the wing is juicy? But the breast is not. There seems to be an option to choose thigh? Unsure.
- Cucumber is 1 thick slice, whereas cabbage is 1 big slice as well
- Nut sauce is ok, added once.
- Sambal didn't had kick at first, and then had kick down the line.
- Kicap is the typical sweet gepuk kicap.
- Rating them grants me a drink. Chosen Nestea (is ok), but there's a pink drink as well.

I feel weak. I can't even ask for rice addition. Just like my presentation, brain X3D, mouth Athlon.

Is this the end for big stomach me? Oh yeah, they also have tax. Something to take note of.

- Tok Mat Ala Carte A: 12.90
- Biasa, Dada dan Kepak
- Service Charge (6%): 0.77
- Bill rounding: -0.02<br><ul><li>Rice: seems plentiful, is plentiful. I didn't get to add once, didn't finish like 1 more mouthful remaining.</li><li>Chicken: the wing is juicy? But the breast is not. There seems to be an option to choose thigh? Unsure.</li><li>Cucumber is 1 thick slice, whereas cabbage is 1 big slice as well</li><li>Nut sauce is ok, added once.</li><li>Sambal didn't had kick at first, and then had kick down the line.</li><li>Kicap is the typical sweet gepuk kicap.</li><li>Rating them grants me a drink. Chosen Nestea (is ok), but there's a pink drink as well.</li><li>Tok Mat Ala Carte A: 12.90</li><li>Biasa, Dada dan Kepak</li><li>Service Charge (6%): 0.77</li><li>Bill rounding: -0.02</li></ul>","images/2026/May/2026, May, image 13.png"
2026-05-19 (Tuesday),Nasi Kandar,AS Nasi Kandar,RM 7.50,(Lunch),"Asked Sky where's their Penyet, they told me ""orang takda"". ...What do you mean the person is missing.

I'd accept it not smashed as well... so long as the sambal exists as priority (the chicken exists outside).

Back to AS it is then.

- Chicken: room temperature, thigh, juicier than yesterdays.
- Vege: I didn't remember how much I scooped, but I finished it before the rice. Wow.
- Rice: they scooped, just a bowlful
- Beef? curry: 3 to 4 scoops
- Limau ais, took back 2 limes
- I was told I could also choose diced/whole curry chicken. 4 bigger ones, or 5 smaller ones.

Licking the thigh bone, there's some weird taste. But it isn't the vein... wonder what caused it?<br><ul><li>Chicken: room temperature, thigh, juicier than yesterdays.</li><li>Vege: I didn't remember how much I scooped, but I finished it before the rice. Wow.</li><li>Rice: they scooped, just a bowlful</li><li>Beef? curry: 3 to 4 scoops</li><li>Limau ais, took back 2 limes</li><li>I was told I could also choose diced/whole curry chicken. 4 bigger ones, or 5 smaller ones.</li></ul>","images/2026/May/2026, May, image 14.png"
2026-05-19 (Tuesday),Maggi Goreng Mamak,AS Nasi Kandar,RM 6.00,(Dinner),"I wanted to try Maggi Goreng Biasa, but turns out there's only Mamak variant.

I'll accept my L gracefully by not reverting my order, and eat it as is.

Koyoboi &amp; Cheese came to inflitrate &amp; set base at another table as I finished my meal, coincidence.

I also got sent to Career Fair, so I guess I'll make do with my remaining 3 meals here.

Maybe trying ShopeeFood vouchers? They seem nice for first user.","images/2026/May/2026, May, image 15.png"
2026-05-20 (Wednesday),Soy Garlic Rice Bowl,Jinja Shiokkk,RM ~~14.00~~ 7.00,(Lunch),"It costs 13 physically, 14 on ShopeeFood. There's a voucher on it that says 50% off, capped at RM7. This perfectly fits the bill.

Ordered &amp; paid via ShopeePay as it only accepts that per voucher requirement. Took around 7 minutes or so.

- Choice of Wingette, Drummette, or Boneless, chosen Boneless.
- 2 tenders are fine, but likely the other 2 choices could be better
- Katsuobushi: Known to be as Bonito fish flakes, it... I don't like this. It's not ass though, just, no?
- Seaweed: think of them as those pre packed ones, cut to strips. They're fine.
- Kimchi: could be the best thing here, I'd swap the Katsuobushi for them anytime.
- Rice: hot and warm. They aren't using pearl rice, but somehow this regular rice is slightly sticking to each other
- 1 lettuce
- Sauce: it's fine, and ok, but nothing special really

I somehow finished the chicken and rice at the same time.

Worthiness wise, it's ass at 14, ass at 13, but ok at 7. I likely would have a better time if I ordered the Gepuk.<br><ul><li>Choice of Wingette, Drummette, or Boneless, chosen Boneless.</li><li>2 tenders are fine, but likely the other 2 choices could be better</li><li>Katsuobushi: Known to be as Bonito fish flakes, it... I don't like this. It's not ass though, just, no?</li><li>Seaweed: think of them as those pre packed ones, cut to strips. They're fine.</li><li>Kimchi: could be the best thing here, I'd swap the Katsuobushi for them anytime.</li><li>Rice: hot and warm. They aren't using pearl rice, but somehow this regular rice is slightly sticking to each other</li><li>1 lettuce</li><li>Sauce: it's fine, and ok, but nothing special really</li></ul>","images/2026/May/2026, May, image 16.png"
2026-05-20 (Wednesday),Murtabak Ayam,AS Nasi Kandar,RM 5.00,(Dinner),"Got told to try Murtabak as an alternative to Kahwin, time to try.

It took a while, like 20 minutes+ as opposed to their regular gorengs.

- Contains chicken, onion, unsure white stuff, occasional greens
- When hot, tastes like Chicken Ramly Burger patty somehow..
- Sauce at the right is diced raw onions with sirap. Yes the sirap drink. Weird, but fine.
- Asked for addons, received a bowl + sauce pan of dhal &amp; curry respectively

It's ok? As a replacement for Kahwin, though it's +1. But meat though.

I wonder how's the other 2, Sky is more expensive by +2, and Chilli by +2.5.<br><ul><li>Contains chicken, onion, unsure white stuff, occasional greens</li><li>When hot, tastes like Chicken Ramly Burger patty somehow..</li><li>Sauce at the right is diced raw onions with sirap. Yes the sirap drink. Weird, but fine.</li><li>Asked for addons, received a bowl + sauce pan of dhal &amp; curry respectively</li></ul>","images/2026/May/2026, May, image 17.png"
2026-05-21 (Thursday),Nasi Campur,Dapo Sahang,RM 6.50,(Lunch),"Career fair has some food trucks available, though nothing too exiting to me I guess. Back to the classics.

I may have went too early, as they only started setting up like 10+ minutes after I arrived in sweat. 2 clothes ain't fun in this weather.

And somehow, when one starts to queue (no one did when they were setting up), everyone swarms in to queue. Wow.

- Ayam Masak Merah: thigh
- Rice: occasional cakes, but overall fine enough. I'd say 2 or 3 scoops, unsure
- Cabbage + carrots: Finished around the same time as rice, like 1.8 scoops
- Curry: I can't taste anything
- Kicap? (from Ayam Kicap): I have no idea how to describe this, but Masak Merah my beloved.

With the week long online week upcoming, I guess this is how I end my month in Cyberjaya.<br><ul><li>Ayam Masak Merah: thigh</li><li>Rice: occasional cakes, but overall fine enough. I'd say 2 or 3 scoops, unsure</li><li>Cabbage + carrots: Finished around the same time as rice, like 1.8 scoops</li><li>Curry: I can't taste anything</li><li>Kicap? (from Ayam Kicap): I have no idea how to describe this, but Masak Merah my beloved.</li></ul>","images/2026/May/2026, May, image 18.png"
2026-06-03 (Wednesday),Nasi Campur,Royal Tandoori,RM 8.50,(Lunch),"Back in campus for the 2nd last month, and ended a 40% Assignment 2 for Corpo Strat.

Could've dined in HTC but I refrained as it was too early for lunch to me.

- Rice: a modest scoop
- Chicken: thigh. Wouldn't say juicy but as long as it's better than Gepuks.
- Vege: 1 scoop, with a bit more.
- Presumably beef curry?

Initially I gave them 10, then they told me no change &amp; asked me to eat first.

Not risking that, I asked if I could QR them instead, and received back my red note.<br><ul><li>Rice: a modest scoop</li><li>Chicken: thigh. Wouldn't say juicy but as long as it's better than Gepuks.</li><li>Vege: 1 scoop, with a bit more.</li><li>Presumably beef curry?</li></ul>","images/2026/June/2026, June, image 1.png"
2026-06-03 (Wednesday),Nasi Goreng Biasa,AS Nasi Kandar,RM 6.00,(Dinner),"My intended under fan table was taken already, so I sat on the sofa one. It slightly burns.

Ordered 17:57, received 18:04.

Todays one is a little darker init? As bleak as how I shall fare this test with purely my memory huh.

I should upgrade to other variants as time passes.","images/2026/June/2026, June, image 2.png"
2026-06-04 (Thursday),Nasi Ayam Penyet,Sky Malaysia,RM 10.00,(Lunch),"Went to the counter &amp; asked directly, suprisingly it exists today, instant order.

11:56 or so ordered, 12:03 received.

- 3 heart shape cucumber slices (each a half heart, total 6 half hearts)
- Chicken is typical, wouldn't say hot tho
- Sambal is good as always
- Rice: riced, but a bit dryer than I'd have like
- 2x inch long raw long beans, discarded after biting into one of them

...and it came up to 10. Didn't ask much as I accepted this priced like stock market meal.<br><ul><li>3 heart shape cucumber slices (each a half heart, total 6 half hearts)</li><li>Chicken is typical, wouldn't say hot tho</li><li>Sambal is good as always</li><li>Rice: riced, but a bit dryer than I'd have like</li><li>2x inch long raw long beans, discarded after biting into one of them</li></ul>","images/2026/June/2026, June, image 3.png"
2026-06-04 (Thursday),Nasi Goreng Paprik,AS Nasi Kandar,RM 10.00,(Dinner),"Wanting to try one of the things I have yet to try.

From my gallery it's shown as 8, so giving it a try. 18:10 order, 18:18 arrived.

- Asked if I wanted chicken, yes. I assume there's beef option.
- Sauce: tastes like some sort of light Tom Yam sauce.
- Onion, long bean, carrot, cauliflower, chicken, 1/8th of a tomato, green chili, tomyam leaf (the hard one)
- Rice: egg, carrots, red chili bits. Same fried rice type as Kunyit/Kicap.

Turns out it costs 10 based on the updated menu. Shyt.

Then again, my menu is outdated by like what, 6 months?<br><ul><li>Asked if I wanted chicken, yes. I assume there's beef option.</li><li>Sauce: tastes like some sort of light Tom Yam sauce.</li><li>Onion, long bean, carrot, cauliflower, chicken, 1/8th of a tomato, green chili, tomyam leaf (the hard one)</li><li>Rice: egg, carrots, red chili bits. Same fried rice type as Kunyit/Kicap.</li></ul>","images/2026/June/2026, June, image 4.png"
2026-06-05 (Friday),Nasi Kandar,AS Nasi Kandar,RM 8.00,(Lunch),"Dapur doesn't have much chicken choices apart from fried one. It's quite some fishes.

- Chicken: fresh thigh, warmer than the ones in warmer I'd assume. (The oil is quite black)
- Goat curry: some scoops
- Vege: 1 pushful
- Rice: idk, but I somehow finished vege before rice
- Limau ais comes with 2 lime

Koyo came alone halfway during my meal, presumably the other 2 are still either asleep or AFK.

It turns out Bayam costs 8, and the set price was meant for Kobis (cabbage) only.

I guess it is kinda worth it to not eat cabbage every meal.<br><ul><li>Chicken: fresh thigh, warmer than the ones in warmer I'd assume. (The oil is quite black)</li><li>Goat curry: some scoops</li><li>Vege: 1 pushful</li><li>Rice: idk, but I somehow finished vege before rice</li><li>Limau ais comes with 2 lime</li></ul>","images/2026/June/2026, June, image 5.png"
2026-06-05 (Friday),Chicken Shawarma Small,Chef Yas,RM 7.00,(Dinner),"I was gonna try out their Rahmah menu as a cheap option + to fill me a bit before my test, but it was unavailable. So I went with the small one to not dissapoint them.

It seems to come with extra white sauce as well, along with in general being smaller, obviously.

It did not fill me past test time (the test itself is ""it could've been better if I studied better""). It would be better to eat big, and not sleep hungry thereafter.

Side note, going home at 8pm is e h h, there's still jam, but not ""help me I have skill issue"" jam, but it's still jam.

An hour or so drive back, with at least 20+ minutes stuck on that cursed section.","images/2026/June/2026, June, image 6.png"
2026-06-08 (Monday),Asam Pedas Ayam,Mira Kitchen,RM 8.00,(Lunch),"I felt like gambling Asam, as I did want to do it at 20 Apr 2026. Starbees seems to be out of power, as the plugs and stalls seem to not have any lighting or TV on.

So their electric pager is dead, good thing I sat near to hear their calls.

- It is sizzling when I took it, which means it's piping hot.
- By piping hot, I meant it burns. It is also oily, which further amplified its burn damage.
- Chicken is enough I'd say, and the egg is ok
- 2 lady fingers, 2 slices of cucumber, 1 lettuce leaf

Never order again, I don't think I can customise the spice levels. How did those people survive this spice?

<small>Seems like I didn't notice there's a small hole on my shoulder. This is... oops. Guess I won't gym.</small><br><ul><li>It is sizzling when I took it, which means it's piping hot.</li><li>By piping hot, I meant it burns. It is also oily, which further amplified its burn damage.</li><li>Chicken is enough I'd say, and the egg is ok</li><li>2 lady fingers, 2 slices of cucumber, 1 lettuce leaf</li></ul>","images/2026/June/2026, June, image 7.png"
2026-06-08 (Monday),Thai Style Creamy Butter Pork Rice,Hinz Kitchen,RM 12.30,(Dinner),"Slight delay on class, then another detour with someone (but received green slurpee).

I didn't had Hinz since 4 Dec 2025, or 27 Nov 2025 if we count this exact dish.

The rice for some reason is a little drier than how I remember, did you fall off?

- Thai Style Creamy Butter Pork Rice - 11.60
- 6% tax - 0.696
- Total - 12.30 (rounded up)

18:45 ordered, 18:59 received, paid 19:18.

And now to prepare for a week of quad interviews (more of 2 tech interviews, 1 HR interview, 1 ""irl meetup but bro can hire me"").<br><ul><li>Thai Style Creamy Butter Pork Rice - 11.60</li><li>6% tax - 0.696</li><li>Total - 12.30 (rounded up)</li></ul>","images/2026/June/2026, June, image 8.png"
2026-06-09 (Tuesday),Nasi Kandar,AS Nasi Kandar,RM 7.50,(Lunch),"1 tech interview down, it was quite chill somehow. And then lunch time.

Penyet? No exist. Nasi kandar it is.

- Chicken: Thigh. I asked which was the fresh ones, he said top compartment. It's room temperature.
- Curry: 3 scoops of beef + goat. I bit into a cardamom. My mouth died.
- Vege: I'd say a push, then a scoop
- Rice: whatever he gave, which is better than Hinz somehow.

I should plan packing my stuff in batches eventually as I only have some time left before I'm piled with stuff.<br><ul><li>Chicken: Thigh. I asked which was the fresh ones, he said top compartment. It's room temperature.</li><li>Curry: 3 scoops of beef + goat. I bit into a cardamom. My mouth died.</li><li>Vege: I'd say a push, then a scoop</li><li>Rice: whatever he gave, which is better than Hinz somehow.</li></ul>","images/2026/June/2026, June, image 9.png"
2026-06-09 (Tuesday),Nasi Goreng Cina,AS Nasi Kandar,RM 7.00,(Dinner),"TIME wifi has an outage, so I suffered as a caveman for 3 hours as of now. I have yet to try this Nasi Goreng variant before.

He tried to ""encite"" me to add telur dadar, but nah. It's +2.5. Took pic of the menu in the meantime.

- It tastes very cina
- Carrot, diced long beans, fried onions (garnishing), spring onions, Green chili
- Chicken meat (at least 5 cubes) + egg for protein

Tried to use wifi here, but it was hopeless. Went to Skys bench to get some dailies done, while having the urge to #2.

Once I reached up (holding in lift with others), the toilet is used. Rolled down 8 flight of stairs again while having it nearly coming out.

I think I need to pack myself a mini pack of tissues, and always do the deed when I feel like it and not at a safe space where availability is RNG.<br><ul><li>It tastes very cina</li><li>Carrot, diced long beans, fried onions (garnishing), spring onions, Green chili</li><li>Chicken meat (at least 5 cubes) + egg for protein</li></ul>","images/2026/June/2026, June, image 10.png"
2026-06-10 (Wednesday),Nasi Kandar,HTC,RM 9.00,(Lunch),"Class ended earlier, so gambling HTC (again) instead of student based stalls.

- Chicken: not a fresh one but still fine
- Rice: 2 scoops, no hiding stuff
- Vege: like 2-3 pushfuls
- Curry: some scoops of presumed chicken. I can't find lamb anywhere or beef.

Enter 11:35, Food 11:40, Finished 12:01. A little edged, but still better than...

...than a reschedule from physical to online, right after I donned my fancy wear, and travelled out.<br><ul><li>Chicken: not a fresh one but still fine</li><li>Rice: 2 scoops, no hiding stuff</li><li>Vege: like 2-3 pushfuls</li><li>Curry: some scoops of presumed chicken. I can't find lamb anywhere or beef.</li></ul>","images/2026/June/2026, June, image 11.png"
2026-06-10 (Wednesday),Nasi Goreng Biasa,Ummifa,RM 8.00,(Dinner),"2nd one was more of a ""e-coffee chat"" as opposed to an actual interview, which is said to be 2 hours long, physically.

I have decision fatigue as my plans were kinda ruined, went back &amp; forth on ""what to eat"" as the bois were buying Yesterday Rice.

In the end settled with Ummifa, why? Lazy to think more, settled with whatever I least tried.

- They seemed to have raised prices, and slashed out their rice set menu.
- Taste wise it seems fine, but not special enough to deserve it being more expensive vs AS, Sky, &amp; Chilli.
- Vege, Cabbage, Chicken, little Egg, Red chili, Green chili
- I felt hints of garlic, but I didn't bit into any throught my meal.

My pet peeves &amp; some mildly infuriating parts:

- It's a bit hot ever since they change to this new seating setting.
- No waiter as everyone is kinda doing their own thing, so this delays ordering &amp; billing.
- No tissue
- More expensive vs other stalls, but willing buyer willing seller = sale.

I should pre-plan my meals in advance with a backup meal to prevent this from happening again.<br><ul><li>They seemed to have raised prices, and slashed out their rice set menu.</li><li>Taste wise it seems fine, but not special enough to deserve it being more expensive vs AS, Sky, &amp; Chilli.</li><li>Vege, Cabbage, Chicken, little Egg, Red chili, Green chili</li><li>I felt hints of garlic, but I didn't bit into any throught my meal.</li><li>It's a bit hot ever since they change to this new seating setting.</li><li>No waiter as everyone is kinda doing their own thing, so this delays ordering &amp; billing.</li><li>No tissue</li><li>More expensive vs other stalls, but willing buyer willing seller = sale.</li></ul>","images/2026/June/2026, June, image 12.png"
2026-06-15 (Monday),Nasi Campur,Cita Rasa Delima,RM 9.00,(Lunch),"3rd (happened Fri) was full on China. Andddd my Org Behaviour groupmates are missing for the 2nd or 3rd week in a row.

Well aside from the imminent test, I think I should be able to handle it solo... more or less.

Anyways, lunch.

- Chicken: The usual masak merah, thigh. A bit small though.
- Vege: 1.3 scoops. It had smoke when I scooped it, but isn't hot/warn anymore when I start to eat it
- Rice: I think 1 or 2 scoops, forgot

Imminent test, which holds 30% of my grade. I hope someone could save me.<br><ul><li>Chicken: The usual masak merah, thigh. A bit small though.</li><li>Vege: 1.3 scoops. It had smoke when I scooped it, but isn't hot/warn anymore when I start to eat it</li><li>Rice: I think 1 or 2 scoops, forgot</li></ul>","images/2026/June/2026, June, image 13.png"
2026-06-15 (Monday),Nasi Goreng USA,Cita Rasa Delima,RM 10.00,(Dinner),"Asking Herrscher what to eat for dinner, he suggested this stall. As I had kampung prior (per his initial suggestion), I RNG-ed to have this.

18:03 order, 18:19 serve.

- It came in 2 plates to my suprise, even asked to confirm.
- Fried rice part: it's decently well, akin their Kampung but slightly nerfed in terms of meat (chicken &amp; anchovies). Or is this their biasa?
- Fried egg: decent. Not runny, which is the way I prefer it. (not fully hard though, but still better than runny)
- USA part: Chicken, 3 squid rings, 1 prawn. Onion, Cauliflower, Long beans. Sauce was flavourful

All in all, a fine meal. Would eat again, if budget allows that is.

Hope this will last me for the test and the day, and then to prepare for at least 3 more interviews.<br><ul><li>It came in 2 plates to my suprise, even asked to confirm.</li><li>Fried rice part: it's decently well, akin their Kampung but slightly nerfed in terms of meat (chicken &amp; anchovies). Or is this their biasa?</li><li>Fried egg: decent. Not runny, which is the way I prefer it. (not fully hard though, but still better than runny)</li><li>USA part: Chicken, 3 squid rings, 1 prawn. Onion, Cauliflower, Long beans. Sauce was flavourful</li></ul>","images/2026/June/2026, June, image 14.png"
2026-06-22 (Monday),Nasi Kandar,HTC,RM 8.00,(Lunch),"Org behaviour done, with gal outperforming me by leagues. Corpo strat is more down to earth skill level wise.

I'd have around 30 minutes of food time left, so HTC shall do.

- Rice: 1 scoop and a little more
- Vege: 1 pushful
- Chicken: thigh, I don't think it's hot fresh, but it'll do
- Curry: boney one

This is the cheapest I've ever seen you in a while. Then again, I'm conservating some food space for dinner.

I wonder how VIP quiz 2 will end up.<br><ul><li>Rice: 1 scoop and a little more</li><li>Vege: 1 pushful</li><li>Chicken: thigh, I don't think it's hot fresh, but it'll do</li><li>Curry: boney one</li></ul>","images/2026/June/2026, June, image 15.png"
2026-06-22 (Monday),Ayam Basic Crispy,Ayam Gepuk Mas Rio,RM 9.90,(Dinner),"Quiz 2 could've been better, but I'd say it's my fault for ""not taking advantage"".

Anyways as promised, Mas Rio time. The restaurant is packed. 15 minutes q, 15 minutes wait.

- Chicken: mm, ok.
- Nut sauce: ...a bit off. Still edible, but it's more or less ""nutty"". Some describe it as peanut butter.
- Sambal: doesn't burn me off. That's a win.
- Rice: ok, added once. Can't finish as chicken ran out (read: fatbod achieved)
- Fried cabbage: carcinogen.
- Soup: came later. Think of Warung Hanna soup, but oil. Didn't finish.

Halfway during my meal, an Ex GDC committee member recognised + approached me, and then we (+ his colleagues) shared tables. Unexpected things happen in life, but all good.

""Gepuk reviewer""? I'm not Ming Chun, but I did have some fair share of foods around cyber I guess.

Would I come again? Maybe to try drink offerings + Ori, but weirdly none of them ordered it. Only double crispy.<br><ul><li>Chicken: mm, ok.</li><li>Nut sauce: ...a bit off. Still edible, but it's more or less ""nutty"". Some describe it as peanut butter.</li><li>Sambal: doesn't burn me off. That's a win.</li><li>Rice: ok, added once. Can't finish as chicken ran out (read: fatbod achieved)</li><li>Fried cabbage: carcinogen.</li><li>Soup: came later. Think of Warung Hanna soup, but oil. Didn't finish.</li></ul>","images/2026/June/2026, June, image 16.png"
2026-06-23 (Tuesday),Nasi Campur,Dapur Chilli,RM 11.00,(Lunch),"After a back to back episode of <code>if gepuk: human.eject_contents(force=""catastrophic"")</code>, I think it'd be better to skip anything bombastic.

Last had 21 Apr 2026. Why here? Kandar = fat. Penyet = sambal.

- Chicken: 2 scoops ish, total 14 normal sized pieces. Grabbed 2 lemons. Ate them.
- Vege: 2 scoops ish, total 11 ""leaves"". Contains eggs and garlic, took some, tried to avoid the sauces.
- Rice: like 2 scoops or so, not much to my general level of free scooping.
- Curry: unsure of meat, but it is fine.

Calculator shown as 6 + 3 + 2. I did take a little bit of less rice, and checking their price list it seems legit counting wise.

I finished rice first, followed by vege, and got remains of 5.5 pieces of chicken remaining. Maybe take less next time.

In case hungry, break fridge and consume guava. Seedless? There's still seeds, and a hard core.<br><ul><li>Chicken: 2 scoops ish, total 14 normal sized pieces. Grabbed 2 lemons. Ate them.</li><li>Vege: 2 scoops ish, total 11 ""leaves"". Contains eggs and garlic, took some, tried to avoid the sauces.</li><li>Rice: like 2 scoops or so, not much to my general level of free scooping.</li><li>Curry: unsure of meat, but it is fine.</li></ul>","images/2026/June/2026, June, image 17.png"
2026-06-23 (Tuesday),Mee Goreng Biasa,AS Nasi Kandar,RM 6.00,(Dinner),"To fill up my remaining ""data points"" as suggested, trying out the Mee Goreng Mamak. Seems that the chicken variant has went from 8 to 10.

I was bracing an impact in case they take a maggi packet, but he took yellow noodles by hand and started boiling &amp; cooking, that's a relief.

- Tofu, Beansprout, Onion, Cabbage, Vege, Egg
- It tastes fine, different vs Maggi, but unique I'd say.
- Per usual, no meat. But at least tofu is there as advertised in image.
- Free lime, took it back for a lime drink.

""If good, +1 choice. If bad, +1 data."" I'd say it's decent, but not life changing. Edible, revisitable, but not a 24/7 meal.<br><ul><li>Tofu, Beansprout, Onion, Cabbage, Vege, Egg</li><li>It tastes fine, different vs Maggi, but unique I'd say.</li><li>Per usual, no meat. But at least tofu is there as advertised in image.</li><li>Free lime, took it back for a lime drink.</li></ul>","images/2026/June/2026, June, image 18.png"
2026-06-24 (Wednesday),Nasi Campur,Dapo Sahang,RM 6.50,(Lunch),"Corpo Strat class got ""deferred to the following week"", but I still came to campus for consistency purposes.

Parking is still full as usual. Suprisingly received a parking near the FCI stairs, I'd consider this a lucky parking.

Chilled a bit in lounge, then went ahead for Dapo. Still a little too early.

- Rice: A mixture of Nasi Lemak + Regular Rice
- Chicken: I'd assume thigh
- Vege: 1 scoop, not spicy somehow vs how I remembered it
- Sambal: underneath the vege, it's sweet.

I finished rice first, then vege, then chicken. I somehow do not feel full enough.

Ah well, barring list is out, so QR doesn't really matter too much, as long as I still exist in class.<br><ul><li>Rice: A mixture of Nasi Lemak + Regular Rice</li><li>Chicken: I'd assume thigh</li><li>Vege: 1 scoop, not spicy somehow vs how I remembered it</li><li>Sambal: underneath the vege, it's sweet.</li></ul>","images/2026/June/2026, June, image 19.png"
2026-06-24 (Wednesday),Special Chicken Shawarma Large,Amir Damascus,RM 11.90,(Dinner),"Apparently there was no lecture only Viva, and there was no tutorial at all. And then it rained. Hard.

Went after class ""ended"", and got shoes drenched. Was still a little early, so I went to explore Atelier a little. It turns out to be housing.

Enough of backstory, back to food talk.

- Special = fries, Normal = no fries? At least that's how I intepreted it when I asked.
- Chicken: flavourfully burnt, has its own taste
- Shawarma itself: As long as my bottle. Chicken, Fries, Sauces, but weirdly no lettuce compared to Chilli
- Fries: typical fries nothing too special I'd say.
- Sauces: White good, Orange a lil spicy, Chili sauce.

Price wise it's ok given the deco &amp; environment, but otherwise it'd be better to go back to Chilli (they don't seem to give drinks anymore)/MMU for slightly cheaper.

VIP has confirmed itself that there are no more classes anymore. Fun.

What's not fun is having my feet drenched under the broken traffic light for the 4 way intersection. I guess my negative luck went here.<br><ul><li>Special = fries, Normal = no fries? At least that's how I intepreted it when I asked.</li><li>Chicken: flavourfully burnt, has its own taste</li><li>Shawarma itself: As long as my bottle. Chicken, Fries, Sauces, but weirdly no lettuce compared to Chilli</li><li>Fries: typical fries nothing too special I'd say.</li><li>Sauces: White good, Orange a lil spicy, Chili sauce.</li></ul>","images/2026/June/2026, June, image 20.png"
2026-06-28 (Sunday),Roti Kahwin,Sky Malaysia,RM 4.00,(Dinner),"Returned to Cyber earlier as homemade dinner not being cooked (again).

Consulted with the higher AIs and I got suggested Kahwin, as quote ""optimizing Monday morning survivability"".

Koyo is cooking, and Sky is serving, so went to them.

- Oh no the dhal &amp; curry has green things in them. Not much, but a warning shot.
- Canai is cold, but Telur is warm from what I felt?
- Sauces are either plentiful or I didn't dip into them enough

<small>Update @ ~8am the next day: Shat myself, but not to the tier of gepuk. Hmm.</small><br><ul><li>Oh no the dhal &amp; curry has green things in them. Not much, but a warning shot.</li><li>Canai is cold, but Telur is warm from what I felt?</li><li>Sauces are either plentiful or I didn't dip into them enough</li></ul>","images/2026/June/2026, June, image 21.png"
2026-06-29 (Monday),Nasi Campur,Royal Tandoori,RM 8.50,(Lunch),"Tutorial... had no one except me. Assisted tutorial lecturer a bit and it was pretty ok.

Forgot quiz for integrity, asked for reopening, finished quiz and thanked.

- Chicken: Thigh as the bone is there, no hot, but not room temp I think.
- Vege: 1 scoop
- Curry: the not chicken one, 2 scoops
- Rice: 2 scoops but more of 1.7 or so

And then lecture had no one. Well, almost no one.<br><ul><li>Chicken: Thigh as the bone is there, no hot, but not room temp I think.</li><li>Vege: 1 scoop</li><li>Curry: the not chicken one, 2 scoops</li><li>Rice: 2 scoops but more of 1.7 or so</li></ul>","images/2026/June/2026, June, image 22.png"
2026-06-29 (Monday),Nasi Goreng Cendawan,AS Nasi Kandar,RM 8.00,(Dinner),"I think as the final week(s), I'll take whatever I have yet to try &amp; try them all out. To fill my curiosity.

- It feels like Cina, but with added mushrooms
- Onion, Carrot, Red chili, Green chili, Tomato cut
- The mushroom seems to be an oyster type? Though I'm not sure, cut into strips akin sotong.
- All in all, ok, but I'd go for Cina. Tastes same, cheaper.

Quarter way during my meal, KoyoCheese came. NGK with TM + iced milo, less sweet.

They sell fried banana for rm2? Hm, a snack. Iced lychee as well.<br><ul><li>It feels like Cina, but with added mushrooms</li><li>Onion, Carrot, Red chili, Green chili, Tomato cut</li><li>The mushroom seems to be an oyster type? Though I'm not sure, cut into strips akin sotong.</li><li>All in all, ok, but I'd go for Cina. Tastes same, cheaper.</li></ul>","images/2026/June/2026, June, image 23.png"
2026-06-30 (Tuesday),Nasi Kandar,AS Nasi Kandar,RM 7.50,(Lunch),"Was told by Gemini to have an early lunch + this instead of Nasi Campur for 2pm interview preparation purposes.

Fair, as when I went down, Penyet chicken isn't there. Somehow there's packets of breakfast at Sky, with another seller nearby the Dobi.

- Rice: normal, uncle scooped a plate? Non bowl I think
- Curry: 4 scoops of goat
- Vege: the usuals, I'd say a pushful or so. Finished with the rice.
- Chicken: Thigh. Cold. But I'd say decent enough. Anything is better than dry gepuk.

Hm, turned to 1:30pm instead. Ah well, early start, early end.<br><ul><li>Rice: normal, uncle scooped a plate? Non bowl I think</li><li>Curry: 4 scoops of goat</li><li>Vege: the usuals, I'd say a pushful or so. Finished with the rice.</li><li>Chicken: Thigh. Cold. But I'd say decent enough. Anything is better than dry gepuk.</li></ul>","images/2026/June/2026, June, image 24.png"
2026-06-30 (Tuesday),Nasi Goreng Kambing,AS Nasi Kandar,RM 10.00,(Dinner),"The interview is somewhat of an e-coffee chat as well, getting to know the company and next steps.

Right, with that out of the way, it is time to tackle the ""premium"" variant of their regular fried rice. The Goat.

- Anything that is not under the fan will be mildly warm. Do not attempt despite better connection (well, true).
- 17:56 order, 18:03 arrived
- The style of it is like Nasi Goreng Biasa, but exchange the chicken with goat
- Vege, Cabbage, Fried onions, Green chili, Garlic (rare)
- 3 or 4 pieces of meat, with 3 bones.

Reorderability? It's worth the premium if goat meat costs the premium over chicken.

Beware of tendons if any though, though luckily none for my 1st attempt.

<small>As I scrolled while editing this entry... wait... JUNE HAS ENDED???</small><br><ul><li>Anything that is not under the fan will be mildly warm. Do not attempt despite better connection (well, true).</li><li>17:56 order, 18:03 arrived</li><li>The style of it is like Nasi Goreng Biasa, but exchange the chicken with goat</li><li>Vege, Cabbage, Fried onions, Green chili, Garlic (rare)</li><li>3 or 4 pieces of meat, with 3 bones.</li></ul>","images/2026/June/2026, June, image 25.png"
2026-07-01 (Wednesday),Nasi Kandar,HTC,RM 8.50,(Lunch),"Somehow realised I didn't do the W13 Lab Submission, no notifications either. Speedran.

Corpo Strat class ended, with some lessons to be learnt in life as well.

Around 30 minutes left for FYP2 physical meet, so I headed here to save time.

- Rice: I'd say 2.1 scoops, or just 1 beeg scoop if you want to classify as that.
- Chicken: back part. Room temperature, a little lower tier vs Thigh.
- Curry: Seems like goat. Lucky scoop gotten 1 piece to test it out
- Vege: 1 to 2 pushes of it.

11:32 enter, 11:35 food, 11:53 finishes.

Meeting? Previous person ate well over 20 minutes into my slot, but me? Somehow finished in like 5 minutes or so. What the hell.<br><ul><li>Rice: I'd say 2.1 scoops, or just 1 beeg scoop if you want to classify as that.</li><li>Chicken: back part. Room temperature, a little lower tier vs Thigh.</li><li>Curry: Seems like goat. Lucky scoop gotten 1 piece to test it out</li><li>Vege: 1 to 2 pushes of it.</li></ul>","images/2026/July/2026, July, image 1.png"
2026-07-01 (Wednesday),Braised Chicken Noodles,Salam Noodles,RM 11.45,(Dinner),"Class didn't exist. Printed poster, realised QR is wrong. It's so over.

I think I could just paste it over the poster... right? This parking lot is a little ominous, like the backrooms.

- Ordered 17:25, came 17:31, added noods 17:44, full 18:10, end 18:16.
- Chicken: There's like 5 or 6 pieces of chicken. Some bones, some meat. Pure meat is tough.
- Noodles: Added once, remained like 20 30% left as full.
- Salad/Sauce: I'd say is ok, same as beef one
- Drinks: 1 cup of tea, and then 1 mouthful of Sarsi + 100 plus to end the meal fully.
- Extras: 1 bowl of soup (after 1st addition. They hid the bowls to be at kitchen now) &amp; Chili oil crunch

I guess appetite is less. Granted: ""also 530 dinner wtf"". If I ate any later I may risk parking fees (Came 17:05).<br><ul><li>Ordered 17:25, came 17:31, added noods 17:44, full 18:10, end 18:16.</li><li>Chicken: There's like 5 or 6 pieces of chicken. Some bones, some meat. Pure meat is tough.</li><li>Noodles: Added once, remained like 20 30% left as full.</li><li>Salad/Sauce: I'd say is ok, same as beef one</li><li>Drinks: 1 cup of tea, and then 1 mouthful of Sarsi + 100 plus to end the meal fully.</li><li>Extras: 1 bowl of soup (after 1st addition. They hid the bowls to be at kitchen now) &amp; Chili oil crunch</li></ul>","images/2026/July/2026, July, image 2.png"
2026-07-06 (Monday),Nasi Goreng Belacan,AS Nasi Kandar,RM 7.00,(Dinner),"Banished to Cyber once more, since I was expecting to return by Tues night, but this works fine.
Data point, gamble in a sense, as I'm not really a Belacan haver mostly.

- I unironically can't feel any belacan
- Garlic, Vege, Cabbage, Red chili bits, Green chili, Egg, Chicken, Fried onions
- Like it's more flavourful vs cina maybe... Is it cendawan minus mushrooms?
- Like vro did u even put any belacan or my taste buds died

Hm, it seems that I am a little constrained on AC use now.<br><ul><li>I unironically can't feel any belacan</li><li>Garlic, Vege, Cabbage, Red chili bits, Green chili, Egg, Chicken, Fried onions</li><li>Like it's more flavourful vs cina maybe... Is it cendawan minus mushrooms?</li><li>Like vro did u even put any belacan or my taste buds died</li></ul>","images/2026/July/2026, July, image 3.png"
2026-07-07 (Tuesday),Nasi Campur,Dapur Chilli,RM 11.00,(Lunch),"Due to ulcers I got suggested to come here, also to prevent it getting worse from FYP2 presentation.

- Buttermilk Chicken: 2 scoops, around 16 countable pieces. RM6.00
- Vege: 2 scoops, has a fish bone. RM 3.00
- Rice: I'd say 2 scoops or 3. RM 2.00
- Curry: presumed beef? Not much taste though.

Somehow as I ate, there's a fish in my chicken. Weird but acceptable.<br><ul><li>Buttermilk Chicken: 2 scoops, around 16 countable pieces. RM6.00</li><li>Vege: 2 scoops, has a fish bone. RM 3.00</li><li>Rice: I'd say 2 scoops or 3. RM 2.00</li><li>Curry: presumed beef? Not much taste though.</li></ul>","images/2026/July/2026, July, image 4.png"
2026-07-07 (Tuesday),Murtabak Ayam,AS Nasi Kandar,RM 7.00,(Dinner),"Citing ulcers (again), I was suggested to take this over any type of gorengs.

3 staffs took turns to ask me what I want.

- 18:14 order, 18:31 received.
- Curries are goat + unknown. Dhal came in a bowl, a warm one as it's likely freshly made in the kitchen.
- Somehow no raw onion sirap thingy.
- Half a green chili in it, along with some hard bits?

As I went to the counter I was told it was 7, as they mentioned a system update. The menu still writes 5.

This food is so mid. What kind of price hike happens this random and straight up shoots +40%??

Man I might as well eat at Sky Malaysia (M.A. costs 7 there), at least their hikes don't shoot double digits.<br><ul><li>18:14 order, 18:31 received.</li><li>Curries are goat + unknown. Dhal came in a bowl, a warm one as it's likely freshly made in the kitchen.</li><li>Somehow no raw onion sirap thingy.</li><li>Half a green chili in it, along with some hard bits?</li></ul>","images/2026/July/2026, July, image 5.png"
2026-07-08 (Wednesday),Nasi Campur,Dapo Sahang,RM 6.50,(Lunch),"I somehow shat myself after eating yesterdays Murtabak, a little weird, but pein.
With FYP2 physical presentation around the corner, I'd say this is the safest bet.

- Chicken: thigh
- Vege: 1 big scoop
- Rice: I'd say 2 to 3 scoops

Satisfying meal as always. Good luck to me &amp; everyone attending this.<br><ul><li>Chicken: thigh</li><li>Vege: 1 big scoop</li><li>Rice: I'd say 2 to 3 scoops</li></ul>","images/2026/July/2026, July, image 6.png"
2026-07-08 (Wednesday),Fried Chicken with Rice,Salam Noodles,RM 11.55,(Dinner),"FYP2 seemed... swell enough. So long as one sounds confident even when potentially incorrect.

Asked for Getok reviews, got told it's ass. Guess I'm not trying it. Wandering around, went to ball with Salam Rice.

- 17:50 ordered, 18:03 received.
- Yellow sauce: tastes something like what I had before in Kerabu based dishes
- Chili: cold. But spicy. I'd rather not touch it.
- Pickled vege: Cucumber, Carrot, Onion, Pineapple, Cherry tomato. Quite nice.
- Cucumber: 3 half slices.
- Chicken: I'd say it's better than some gepuk places as it has some juices. Good.
- Added rice once at 18:27, along with soup. Finished 60-70% of the rice as I was full. Also out of meat.
- 1 cup of chinese tea + half a cup (finished 1/3 cup) of hot lemon tea

Fatbod again. Took away a piece of skin, as someone was keen on my table.<br><ul><li>17:50 ordered, 18:03 received.</li><li>Yellow sauce: tastes something like what I had before in Kerabu based dishes</li><li>Chili: cold. But spicy. I'd rather not touch it.</li><li>Pickled vege: Cucumber, Carrot, Onion, Pineapple, Cherry tomato. Quite nice.</li><li>Cucumber: 3 half slices.</li><li>Chicken: I'd say it's better than some gepuk places as it has some juices. Good.</li><li>Added rice once at 18:27, along with soup. Finished 60-70% of the rice as I was full. Also out of meat.</li><li>1 cup of chinese tea + half a cup (finished 1/3 cup) of hot lemon tea</li></ul>","images/2026/July/2026, July, image 7.png"
2026-07-09 (Thursday),Nasi Campur,Dapo Sahang,RM 6.50,(Lunch),"Cleaning done, wardrobe business finished early (nice). Time to scram from Lakefront for the week again, returning more non-necessities back to home.

Pit stop time? Dapo. I was semi planning on outside food like Fu Jee (per Herrscher), but parking is a little... yea.

- Chicken: Thigh
- Vege: 1 big scoop
- Rice: Like 2 scoops of nasi lemak rice, and like 1 mini scoop of regular rice

Upon further Q&amp;A, it seems like they don't have a set move out date.

After further consultation with people in power, I moved out most of the items I could fit in big boi sedan. Couldn't had done it with oren.

I started with Komatra, I ended with Dapo Sahang. I guess this is a way to end University.

<small>(pls pls pls let me pass pls pls even though I was a little ticked off by their last minute shenenigans grr)</small><br><ul><li>Chicken: Thigh</li><li>Vege: 1 big scoop</li><li>Rice: Like 2 scoops of nasi lemak rice, and like 1 mini scoop of regular rice</li></ul>","images/2026/July/2026, July, image 8.png"
2026-07-14 (Tuesday),Regular Chicken McDeluxe Set,McD Jalan Tun Perak,RM 16.00,(Lunch),"Physical interview time, and lunch wise I chose the most predictable &amp; safest option instead of venturing out &amp; risking my armour.

- Regular Chicken McDeluxe: Improved? I won't say so. It's the same old chicken thigh patty. XTRA Lettuce.
- French Fries (S): Somehow 2 chili packets isn't enough.
- Sprite (S): Suprisingly no ice = not cold. I should've gotten some ice.

I'd say it went well enough? Though maybe next time depart a bit later, as I had like 2 BTD6 games of time worth to spare in the lobby alone.<br><ul><li>Regular Chicken McDeluxe: Improved? I won't say so. It's the same old chicken thigh patty. XTRA Lettuce.</li><li>French Fries (S): Somehow 2 chili packets isn't enough.</li><li>Sprite (S): Suprisingly no ice = not cold. I should've gotten some ice.</li></ul>","images/2026/July/2026, July, image 9.png"
2026-08-01 (Saturday),Roti Telur,Jasir Bistro,RM 3.00,(Breakfast 1),"I was thinking of Chinese food as it's more filling, but per Gemini Mamak is fine as it's en route instead of dedicated detour.

- Roti telur: is fine.
- Sambal: different vs Cyber where it's a better taste here.
- Curry: decent
- Dhal: watery enough, and no green thing so big plus

<small>Why did I sign up for this.</small><br><ul><li>Roti telur: is fine.</li><li>Sambal: different vs Cyber where it's a better taste here.</li><li>Curry: decent</li><li>Dhal: watery enough, and no green thing so big plus</li></ul>","images/2026/August/2026, August, image 1.png"
2026-08-01 (Saturday),Bihun Goreng?,Valiram,Free,(Breakfast 2),"Oh so they did provide food.

- Noodles, cabbage, carrot
- Delite chrysanthemum drink (320ml)

It's ok.

As time passes, first group task is done, en route to 2nd group task, and somehow lunch is nowhere to be found, nor offered.<br><ul><li>Noodles, cabbage, carrot</li><li>Delite chrysanthemum drink (320ml)</li></ul>","images/2026/August/2026, August, image 2.png"
2026-08-01 (Saturday),Chicken & Mushroom Spaghetti,Valiram,Free,(Lunch),"Finally food is here. At long last which is even later than my typical at home lunches.

- Chicken, Mushroom slices, Carrots, Spaghetti
- Presumed orange juice (likely from those tank drink dispensers)
- Taste wise it seems good
- I was told it's from Picante, one of APUs in house stores
- In MMU it's usually done by MDA or some external one

Yes I am easily bribed by free food, but I'd really like to eat 2 packets as I'm a hungry fug.

I wonder when will dinner be served, 8? Or none at all?<br><ul><li>Chicken, Mushroom slices, Carrots, Spaghetti</li><li>Presumed orange juice (likely from those tank drink dispensers)</li><li>Taste wise it seems good</li><li>I was told it's from Picante, one of APUs in house stores</li><li>In MMU it's usually done by MDA or some external one</li></ul>","images/2026/August/2026, August, image 3.png"
2026-08-01 (Saturday),Chicken Chop,Valiram,Free,(Dinner),"Task 3 really burnt all of us, with an offer too good that it got rejected somehow.

Ah well, dinner at 8, while I ngaw my insides out, brain power gone (not like I had any, business or law wise).

- Chicken chop: has a hint of paprik or spices of some sort.
- Lettuce: lettuce, finely chopped up.
- Black pepper: decent, but not enough to finish up the fries
- Fries: crinkle cut. Cold like the dish.

Met new people be it from semi-volunteering in ice breaking, and via group activity. Was it fun? Could've been better.

But life do be unexpected, so just think of doing the best one can at that moment.

<small>I would've ate 2 if it wasn't for getting called back into the hall. Back to burning Claude I guess, which is what I do best.</small><br><ul><li>Chicken chop: has a hint of paprik or spices of some sort.</li><li>Lettuce: lettuce, finely chopped up.</li><li>Black pepper: decent, but not enough to finish up the fries</li><li>Fries: crinkle cut. Cold like the dish.</li></ul>","images/2026/August/2026, August, image 4.png"
2026-08-13 (Thursday),Nasi Goreng Biasa Mamak,Ammer Ehsan Puchong,~~RM 5.50?~~ Free,(Lunch),"Due to wifi being terminated early, had to come to a relatives place while fetching cousin for lunch (more like an offer).

His food + drink came way before mine, while he &amp; me kinda reminded the staff from time to time regarding my food.

- It's a whole 29 minutes wait. At least 29 minutes.
- The rice is wet ish
- Onions, Cabbage, Vege, Egg
- 0 meat, reminds me of a certain restaurant.

I think I should've went to take the nasi kandar instead of ordering ""cooked when ordered"".

That'd save me tons of unnecessary brain power.

<small>Turns out, it was physical since the address was stated there. But they were kind enough to let me online still.

Asked for QR for repayment purposes, got told to belanja next time. Guess I will, when the time comes?
</small><br><ul><li>It's a whole 29 minutes wait. At least 29 minutes.</li><li>The rice is wet ish</li><li>Onions, Cabbage, Vege, Egg</li><li>0 meat, reminds me of a certain restaurant.</li></ul>","images/2026/August/2026, August, image 5.png"
2026-08-19 (Wednesday),1 Pc Rice Plate,KFC Giant Kinrara,RM 9.99,(Lunch),"It seems to be cloudy, which means there's a chance for rain to come. Better not take the risk &amp; eat inside mall.

Choices are hard to pick, as Subway is fine (11.90 for sub of the day with drinks?), but reviews say it's bad.

Food court is a bit questionable to me, so I went to KFC as a gamble, tapped their menu, seems fine, paid.

- 11:19 ordered, 11:23 arrived, peak service speed, good for fast food.
- 1 pc Hot &amp; Spicy Chicken, 1 Colonel Rice, 1 Coleslaw (4oz), 1 Coke Zero (M)
- Received thigh, quite good, quite fresh &amp; hot
- Rice despite looking compact &amp; cake inside, is better than Dapos.

Culture fit seems more of a regular chit chat, and now to hope for the best within these few days.

Drink (Iced lemon tea? in Kenny Hills) on Sales director, and some free samples in Seibu, hoping to last till dinner.<br><ul><li>11:19 ordered, 11:23 arrived, peak service speed, good for fast food.</li><li>1 pc Hot &amp; Spicy Chicken, 1 Colonel Rice, 1 Coleslaw (4oz), 1 Coke Zero (M)</li><li>Received thigh, quite good, quite fresh &amp; hot</li><li>Rice despite looking compact &amp; cake inside, is better than Dapos.</li></ul>","images/2026/August/2026, August, image 6.png"
2026-09-02 (Wednesday),Roti Telur + Teh Tarik,Jasir Bistro,RM 4.80,(Breakfast),"Day 1 at work, and I somehow have to join meetings with clients? I guess there's a first for everything.
Per Gemini I was told to eat slightly more ""t20"" per my understanding, since I do have a potential $$ stream now, so might as well get myself some liquid instead of relying on just an 800ml bottle.
Kahwin was told to be too ""fat"", so compromised with this, I guess.

- Roti Telur: same as 1 Aug, 3.00
- Teh Tarik: It do be sweet by default, 1.80

LRT is packed, I mean PACKED. Way more different compared to the time I'm at Presoft LRT commuting, granted it is TO the city centre, and not FROM. But still, whole ahh battle royale just for seats, & crowd only subsided by the time I reached Masjid Jamek.
Hopefully if I do choose the LRT route to go office, it'd be more peaceful, or at least on par with Presoft times. (as its OUT of city centre -> 1st station)<br><ul><li>Roti Telur: same as 1 Aug, 3.00</li><li>Teh Tarik: It do be sweet by default, 1.80</li></ul>",No image
2026-09-02 (Wednesday),Nasi Kandar,Al Falah Noori @ Shah Alam,<s>Unknown</s> Free?,(Lunch),"Tea on CEO, then water by meeting #1.
Lunch with CTO + GTMD (in his ride), got quoted why I took little, when its my go to order most of the time.
- Vege, Chicken (Thigh), Goat curry, Rice (unsure of portion)
Asked for how much I should pay back, got paraphrased that he forgotten. Thanks..?<br><ul><li>Vege, Chicken (Thigh), Goat curry, Rice (unsure of portion)</li></ul>",No image
